[
    {
        "Name": "Lavender's Grace",
        "Rarity": "Mythic",
        "Origin": "AlecItems",
        "Stats": [
            {
                "statName": "BulletType",
                "flatStat": 1,
                "percentageStat": 0
            },
            {
                "statName": "BulletDamage",
                "flatStat": 0,
                "percentageStat": -0.99
            },
            {
                "statName": "EntityFireSpeed",
                "flatStat": 0,
                "percentageStat": 1
            },
            {
                "statName": "BulletSpeed",
                "flatStat": 0,
                "percentageStat": 0.4
            },
            {
                "statName": "EntityRoSpeed",
                "flatStat": 0,
                "percentageStat": 0.25
            }
        ]
    },
    {
        "Name": "The Echo",
        "Rarity": "Mythic",
        "Origin": "AlecItems",
        "Stats": [
            {
                "statName": "BulletType",
                "flatStat": 0,
                "percentageStat": 0
            },
            {
                "statName": "BulletDamage",
                "flatStat": 50,
                "percentageStat": 0.1
            },
            {
                "statName": "EntityFireSpeed",
                "flatStat": 0,
                "percentageStat": 0.1
            },
            {
                "statName": "EntityRoSpeed",
                "flatStat": 0,
                "percentageStat": 0.5
            },
            {
                "statName": "Cannons",
                "flatStat": 8,
                "percentageStat": 0
            }
        ]
    },
    {
        "Name": "Distinction",
        "Rarity": "Mythic",
        "Origin": "AlecItems",
        "Stats": [
            {
                "statName": "BulletDamage",
                "flatStat": 5,
                "percentageStat": 0.25
            },
            {
                "statName": "BulletSpeed",
                "flatStat": 5,
                "percentageStat": 0.25
            },
            {
                "statName": "BulletCrit",
                "flatStat": 0,
                "percentageStat": 0.2
            },
            {
                "statName": "EntityArmor",
                "flatStat": 5,
                "percentageStat": 0.1
            },
            {
                "statName": "EntitySpeed",
                "flatStat": 5,
                "percentageStat": 0.1
            },
            {
                "statName": "EntityFireSpeed",
                "flatStat": 5,
                "percentageStat": 0.15
            },
            {
                "statName": "EntityRoSpeed",
                "flatStat": 5,
                "percentageStat": 0.33
            },
            {
                "statName": "MaxHealth",
                "flatStat": 5,
                "percentageStat": 0.15
            }
        ]
    },
    {
        "Name": "Severed Limb",
        "Rarity": "Epic",
        "Origin": "AlecItems",
        "Stats": [
            {
                "statName": "EntitySpeed",
                "flatStat": 5,
                "percentageStat": 0.5
            },
            {
                "statName": "EntityFireSpeed",
                "flatStat": 0,
                "percentageStat": 0.15
            },
            {
                "statName": "EntityRoSpeed",
                "flatStat": 0,
                "percentageStat": 0.15
            },
            {
                "statName": "MaxHealth",
                "flatStat": 5,
                "percentageStat": 0.1
            }
        ]
    },
    {
        "Name": "Aegis",
        "Rarity": "Rare",
        "Origin": "AlecItems",
        "Stats": [
            {
                "statName": "EntityArmor",
                "flatStat": 20,
                "percentageStat": 0.05
            },
            {
                "statName": "MaxHealth",
                "flatStat": 20,
                "percentageStat": 0.05
            }
        ]
    },
    {
        "Name": "Broken Heart",
        "Rarity": "Epic",
        "Origin": "AlecItems",
        "Stats": [
            {
                "statName": "MaxHealth",
                "flatStat": 0,
                "percentageStat": -0.5
            },
            {
                "statName": "BulletDamage",
                "flatStat": 30,
                "percentageStat": 0.25
            },
            {
                "statName": "BulletCrit",
                "flatStat": 0,
                "percentageStat": 0.2
            }
        ],
        "Effects": [
            {
                "$type": "Vamp, Assembly-CSharp",
                "HealMod": 1,
                "HealPMod": 0,
                "ChancePMod": 0.5
            }
        ]
    },
    {
        "Name": "Sapient Moonbow",
        "Rarity": "Epic",
        "Origin": "AlecItems",
        "Stats": [
            {
                "statName": "BulletType",
                "flatStat": 1,
                "percentageStat": 0
            },
            {
                "statName": "BulletCrit",
                "flatStat": 0,
                "percentageStat": 0.1
            },
            {
                "statName": "Cannons",
                "flatStat": 1,
                "percentageStat": 0
            }
        ],
        "Effects": [
            {
                "$type": "Ice, Assembly-CSharp",
                "TimeMod": 2,
                "TimePMod": 0.2,
                "ChancePMod": 0.1
            }
        ]
    },
    {
        "Name": "The Billows Doctrine",
        "Rarity": "Legendary",
        "Origin": "AlecItems",
        "Stats": [
            {
                "statName": "MaxHealth",
                "flatStat": 20,
                "percentageStat": 0.1
            }
        ],
        "Effects": [
            {
                "$type": "Ice, Assembly-CSharp",
                "TimeMod": 2,
                "TimePMod": 0.2,
                "ChancePMod": 0.05
            },
            {
                "$type": "Fire, Assembly-CSharp",
                "TimeMod": 2,
                "TimePMod": 0.2,
                "DamageMod": 20,
                "DamagePMod": 0.15,
                "ChancePMod": 0.05
            },
            {
                "$type": "Poison, Assembly-CSharp",
                "TimeMod": 2,
                "TimePMod": 0.2,
                "DamageMod": 20,
                "DamagePMod": 0.15,
                "ChancePMod": 0.05
            },
            {
                "$type": "Weak, Assembly-CSharp",
                "TimeMod": 3,
                "TimePMod": 0.2,
                "DebuffMod": 30,
                "DebuffPMod": 0.15,
                "ChancePMod": 0.05
            },
            {
                "$type": "Slow, Assembly-CSharp",
                "TimeMod": 4,
                "TimePMod": 0.2,
                "DebuffMod": 20,
                "DebuffPMod": 0.15,
                "ChancePMod": 0.05
            }
        ]
    }
]