[
    {
        "Name": "Fuel",
        "Rarity": "Uncommon",
        "Origin": "NuggetsNickNacks",
        "Stats": [
            {
                "statName": "EntityRoSpeed",
                "flatStat": 1,
                "percentageStat": 0
            },
            {
                "statName": "EntitySpeed",
                "flatStat": 1,
                "percentageStat": 0
            }
        ],
        "Effects": [
            {
                "$type": "Fire, Assembly-CSharp",
                "TimeMod": 1,
                "TimePMod": 0,
                "DamageMod": 1,
                "DamagePMod": 0,
                "ChancePMod": 0.1
            }
        ]
    },
    {
        "Name": "Purple Napalm",
        "Rarity": "Epic",
        "Origin": "NuggetsNickNacks",
        "Stats": [
            {
                "statName": "BulletDamage",
                "flatStat": 3,
                "percentageStat": 0
            },
            {
                "statName": "EntitySpeed",
                "flatStat": 1,
                "percentageStat": 0
            }
        ],
        "Effects": [
            {
                "$type": "Poison, Assembly-CSharp",
                "TimeMod": 5,
                "TimePMod": 0,
                "DamageMod": 1,
                "DamagePMod": 0,
                "ChancePMod": 0.05
            }
        ]
    },
    {
        "Name": "Forgotten Grimoire",
        "Rarity": "Rare",
        "Origin": "NuggetsNickNacks",
        "Stats": [
            {
                "statName": "BulletDamage",
                "flatStat": 0,
                "percentageStat": 0.3
            },
            {
                "statName": "EntityFireSpeed",
                "flatStat": 0,
                "percentageStat": -0.3
            }
        ],
        "Effects": [
            {
                "$type": "Slow, Assembly-CSharp",
                "TimeMod": 1,
                "TimePMod": 0,
                "SlowMod": 0,
                "SlowPMod": 0.3,
                "ChancePMod": 0.6
            }
        ]
    }
]