[
    {
        "Name": "Alchemical Agent",
        "Rarity": "Common",
        "Origin": "JabbasJSON",
        "Effects": [
            {
                "$type": "Fire, Assembly-CSharp",
                "TimeMod": 0,
                "TimePMod": 0,
                "DamageMod": 1,
                "DamagePMod": 0.15,
                "ChancePMod": 0
            },
            {
                "$type": "Poison, Assembly-CSharp",
                "TimeMod": 0,
                "TimePMod": 0,
                "DamageMod": 1,
                "DamagePMod": 0.15,
                "ChancePMod": 0
            }
        ]
    },
    {
        "Name": "Cat o' Nine Tails",
        "Rarity": "Rare",
        "Origin": "JabbasJSON",
        "Stats": [
            {
                "statName": "BulletDamage",
                "flatStat": -2,
                "percentageStat": -0.6
            },
            {
                "statName": "EntityFireSpeed",
                "flatStat": 2,
                "percentageStat": 1
            }
        ]
    },
    {
        "Name": "Leeches",
        "Rarity": "Common",
        "Origin": "JabbasJSON",
        "Stats": [
            {
                "statName": "BulletDamage",
                "flatStat": 1,
                "percentageStat": 0
            }
        ],
        "Effects": [
            {
                "$type": "Vamp, Assembly-CSharp",
                "HealMod": 1,
                "HealPMod": 0,
                "ChancePMod": 0.05
            }
        ]
    },
    {
        "Name": "Bloodthirsty",
        "Rarity": "Epic",
        "Origin": "JabbasJSON",
        "Stats": [
            {
                "statName": "BulletDamage",
                "flatStat": 2,
                "percentageStat": 0.1
            },
            {
                "statName": "BulletCrit",
                "flatStat": 0,
                "percentageStat": 0.05
            }
        ],
        "Effects": [
            {
                "$type": "Vamp, Assembly-CSharp",
                "HealMod": 2,
                "HealPMod": 0,
                "ChancePMod": 0.2
            }
        ]
    },
    {
        "Name": "Dagger",
        "Rarity": "Common",
        "Origin": "JabbasJSON",
        "Stats": [
            {
                "statName": "EntityFireSpeed",
                "flatStat": 1,
                "percentageStat": 0.05
            }
        ]
    },
    {
        "Name": "4-Leaf Clover",
        "Rarity": "Common",
        "Origin": "JabbasJSON",
        "Stats": [
            {
                "statName": "BulletCrit",
                "flatStat": 0,
                "percentageStat": 0.05
            }
        ]
    },
    {
        "Name": "Cookie",
        "Rarity": "Common",
        "Origin": "JabbasJSON",
        "Stats": [
            {
                "statName": "EntitySpeed",
                "flatStat": 1,
                "percentageStat": 0
            }
        ]
    },
    {
        "Name": "Spinning Top",
        "Rarity": "Common",
        "Origin": "JabbasJSON",
        "Stats": [
            {
                "statName": "EntityRoSpeed",
                "flatStat": 1,
                "percentageStat": 0
            }
        ]
    },
    {
        "Name": "The Frog",
        "Rarity": "Uncommon",
        "Origin": "JabbasJSON",
        "Effects": [
            {
                "$type": "Poison, Assembly-CSharp",
                "TimeMod": 6,
                "TimePMod": 0,
                "DamageMod": 1,
                "DamagePMod": 0,
                "ChancePMod": 0.1
            }
        ]
    },
    {
        "Name": "Pyromancer's Flame",
        "Rarity": "Uncommon",
        "Origin": "JabbasJSON",
        "Effects": [
            {
                "$type": "Fire, Assembly-CSharp",
                "TimeMod": 4,
                "TimePMod": 0,
                "DamageMod": 1,
                "DamagePMod": 0.05,
                "ChancePMod": 0.1
            }
        ]
    },
    {
        "Name": "Hearty Stew",
        "Rarity": "Common",
        "Origin": "JabbasJSON",
        "Stats": [
            {
                "statName": "MaxHealth",
                "flatStat": 1,
                "percentageStat": 0
            }
        ]
    },
    {
        "Name": "The Immolator",
        "Rarity": "Legendary",
        "Origin": "JabbasJSON",
        "Stats": [
            {
                "statName": "EntityFireSpeed",
                "flatStat": 1,
                "percentageStat": 0.2
            },
            {
                "statName": "BulletDamage",
                "flatStat": 4,
                "percentageStat": 0.1
            }
        ],
        "Effects": [
            {
                "$type": "Fire, Assembly-CSharp",
                "TimeMod": 8,
                "TimePMod": 0,
                "DamageMod": 2,
                "DamagePMod": 0.1,
                "ChancePMod": 0.2
            }
        ]
    },
    {
        "Name": "Slingshot",
        "Rarity": "Common",
        "Origin": "JabbasJSON",
        "Stats": [
            {
                "statName": "BulletSpeed",
                "flatStat": 1,
                "percentageStat": 0
            }
        ]
    },
    {
        "Name": "Heavy Helmet",
        "Rarity": "Rare",
        "Origin": "JabbasJSON",
        "Stats": [
            {
                "statName": "EntityArmor",
                "flatStat": 3,
                "percentageStat": 0
            },
            {
                "statName": "EntityRoSpeed",
                "flatStat": -1,
                "percentageStat": -0.3
            }
        ]
    },
    {
        "Name": "Light Helmet",
        "Rarity": "Common",
        "Origin": "JabbasJSON",
        "Stats": [
            {
                "statName": "EntityArmor",
                "flatStat": 1,
                "percentageStat": 0
            }
        ]
    },
    {
        "Name": "War Bow",
        "Rarity": "Rare",
        "Origin": "JabbasJSON",
        "Stats": [
            {
                "statName": "BulletSpeed",
                "flatStat": 3,
                "percentageStat": 0.25
            },
            {
                "statName": "BulletDamage",
                "flatStat": 3,
                "percentageStat": 0.2
            },
            {
                "statName": "EntityFireSpeed",
                "flatStat": -1,
                "percentageStat": -0.35
            }
        ]
    },
    {
        "Name": "Spear of Glass",
        "Rarity": "Legendary",
        "Origin": "JabbasJSON",
        "Stats": [
            {
                "statName": "MaxHealth",
                "flatStat": 0,
                "percentageStat": -0.9
            },
            {
                "statName": "BulletDamage",
                "flatStat": 5,
                "percentageStat": 1
            }
        ]
    },
    {
        "Name": "Armor of Roses",
        "Rarity": "Epic",
        "Origin": "JabbasJSON",
        "Stats": [
            {
                "statName": "EntityArmor",
                "flatStat": 3,
                "percentageStat": 0.15
            }
        ],
        "Effects": [
            {
                "$type": "Vamp, Assembly-CSharp",
                "HealMod": 2,
                "HealPMod": 0,
                "ChancePMod": 0
            }
        ]
    },
    {
        "Name": "Coffin Nail",
        "Rarity": "Legendary",
        "Origin": "JabbasJSON",
        "Stats": [
            {
                "statName": "BulletDamage",
                "flatStat": 4,
                "percentageStat": 0.5
            },
            {
                "statName": "EntityFireSpeed",
                "flatStat": 1,
                "percentageStat": 0.3
            }
        ],
        "Effects": [
            {
                "$type": "Vamp, Assembly-CSharp",
                "HealMod": 0,
                "HealPMod": -1,
                "ChancePMod": -1
            }
        ]
    },
    {
        "Name": "Gnarljack",
        "Rarity": "Rare",
        "Origin": "JabbasJSON",
        "Stats": [
            {
                "statName": "BulletDamage",
                "flatStat": 1,
                "percentageStat": 0.05
            }
        ],
        "Effects": [
            {
                "$type": "Slow, Assembly-CSharp",
                "TimeMod": 6,
                "TimePMod": 0,
                "SlowMod": 1,
                "SlowPMod": 0.3,
                "ChancePMod": 0.15
            },
            {
                "$type": "Weak, Assembly-CSharp",
                "TimeMod": 6,
                "TimePMod": 0,
                "DebuffMod": 1,
                "DebuffPMod": 0.3,
                "ChancePMod": 0.15
            }
        ]
    },
    {
        "Name": "Snowball",
        "Rarity": "Common",
        "Origin": "JabbasJSON",
        "Effects": [
            {
                "$type": "Ice, Assembly-CSharp",
                "TimeMod": 3,
                "TimePMod": 0,
                "ChancePMod": 0.05
            }
        ]
    },
    {
        "Name": "Pocket Watch",
        "Rarity": "Common",
        "Origin": "JabbasJSON",
        "Stats": [
            {
                "statName": "BulletSpeed",
                "flatStat": 0,
                "percentageStat": 0.05
            },
            {
                "statName": "EntityFireSpeed",
                "flatStat": 0,
                "percentageStat": 0.05
            }
        ]
    },
    {
        "Name": "The Stick",
        "Rarity": "Common",
        "Origin": "JabbasJSON",
        "Stats": [
            {
                "statName": "BulletDamage",
                "flatStat": 1,
                "percentageStat": 0.05
            }
        ]
    },
    {
        "Name": "The Branch",
        "Rarity": "Rare",
        "Origin": "JabbasJSON",
        "Stats": [
            {
                "statName": "BulletDamage",
                "flatStat": 3,
                "percentageStat": 0.1
            }
        ]
    },
    {
        "Name": "The Stump",
        "Rarity": "Legendary",
        "Origin": "JabbasJSON",
        "Stats": [
            {
                "statName": "BulletDamage",
                "flatStat": 5,
                "percentageStat": 0.25
            }
        ]
    },
    {
        "Name": "Purple Haze",
        "Rarity": "Uncommon",
        "Origin": "JabbasJSON",
        "Stats": [
            {
                "statName": "BulletDamage",
                "flatStat": 1,
                "percentageStat": 0
            }
        ],
        "Effects": [
            {
                "$type": "Weak, Assembly-CSharp",
                "TimeMod": 2,
                "TimePMod": 0,
                "DebuffMod": 1,
                "DebuffPMod": 0.15,
                "ChancePMod": 0.1
            }
        ]
    },
    {
        "Name": "+1",
        "Rarity": "Rare",
        "Origin": "JabbasJSON",
        "Stats": [
            {
                "statName": "Cannons",
                "flatStat": 1,
                "percentageStat": 0
            }
        ]
    },
    {
        "Name": "Mystic Mushroom",
        "Rarity": "Uncommon",
        "Origin": "JabbasJSON",
        "Stats": [
            {
                "statName": "EntityRoSpeed",
                "flatStat": 1,
                "percentageStat": 0
            }
        ],
        "Effects": [
            {
                "$type": "Slow, Assembly-CSharp",
                "TimeMod": 2,
                "TimePMod": 0,
                "SlowMod": 1,
                "SlowPMod": 0.15,
                "ChancePMod": 0.1
            }
        ]
    },
    {
        "Name": "Heavy Chestplate",
        "Rarity": "Rare",
        "Origin": "JabbasJSON",
        "Stats": [
            {
                "statName": "EntityArmor",
                "flatStat": 2,
                "percentageStat": 0.2
            },
            {
                "statName": "EntitySpeed",
                "flatStat": -1,
                "percentageStat": -0.3
            }
        ]
    },
    {
        "Name": "Mr. Snappy",
        "Rarity": "Mythic",
        "Origin": "JabbasJSON",
        "Stats": [
            {
                "statName": "BulletDamage",
                "flatStat": 3,
                "percentageStat": 0.15
            },
            {
                "statName": "BulletCrit",
                "flatStat": 0,
                "percentageStat": 0.2
            },
            {
                "statName": "EntityFireSpeed",
                "flatStat": -1,
                "percentageStat": -0.15
            }
        ],
        "Effects": [
            {
                "$type": "Slow, Assembly-CSharp",
                "TimeMod": 6,
                "TimePMod": 0,
                "SlowMod": 1,
                "SlowPMod": 0.3,
                "ChancePMod": 0.15
            },
            {
                "$type": "Vamp, Assembly-CSharp",
                "HealMod": 1,
                "HealPMod": 0,
                "ChancePMod": 0.25
            },
            {
                "$type": "Poison, Assembly-CSharp",
                "TimeMod": 2,
                "TimePMod": 0,
                "DamageMod": 2,
                "DamagePMod": 0,
                "ChancePMod": 0.15
            }
        ]
    },
    {
        "Name": "The Companion",
        "Rarity": "Uncommon",
        "Origin": "JabbasJSON",
        "Stats": [
            {
                "statName": "MaxHealth",
                "flatStat": 2,
                "percentageStat": 0.05
            },
            {
                "statName": "BulletCrit",
                "flatStat": 0,
                "percentageStat": 0.05
            },
            {
                "statName": "EntitySpeed",
                "flatStat": 0,
                "percentageStat": -0.1
            },
            {
                "statName": "EntityRoSpeed",
                "flatStat": 0,
                "percentageStat": -0.1
            }
        ]
    },
    {
        "Name": "Dearly Departed",
        "Rarity": "Rare",
        "Origin": "JabbasJSON",
        "Stats": [
            {
                "statName": "MaxHealth",
                "flatStat": 4,
                "percentageStat": 0.15
            },
            {
                "statName": "BulletType",
                "flatStat": 1,
                "percentageStat": 0
            },
            {
                "statName": "EntitySpeed",
                "flatStat": -1,
                "percentageStat": -0.25
            },
            {
                "statName": "EntityRoSpeed",
                "flatStat": -1,
                "percentageStat": -0.2
            }
        ]
    },
    {
        "Name": "Ghost Hand",
        "Rarity": "Epic",
        "Origin": "JabbasJSON",
        "Stats": [
            {
                "statName": "BulletType",
                "flatStat": 1,
                "percentageStat": 0
            },
            {
                "statName": "BulletSpeed",
                "flatStat": 2,
                "percentageStat": 0.2
            },
            {
                "statName": "BulletDamage",
                "flatStat": -1,
                "percentageStat": -0.2
            }
        ],
        "Effects": [
            {
                "$type": "Vamp, Assembly-CSharp",
                "HealMod": 2,
                "HealPMod": 0,
                "ChancePMod": 0.1
            }
        ]
    },
    {
        "Name": "Light Chestplate",
        "Rarity": "Uncommon",
        "Origin": "JabbasJSON",
        "Stats": [
            {
                "statName": "EntityArmor",
                "flatStat": 1,
                "percentageStat": 0.15
            }
        ]
    },
    {
        "Name": "Winged Boots",
        "Rarity": "Rare",
        "Origin": "JabbasJSON",
        "Stats": [
            {
                "statName": "EntitySpeed",
                "flatStat": 2,
                "percentageStat": 0.3
            },
            {
                "statName": "BulletCrit",
                "flatStat": 0,
                "percentageStat": 0.2
            },
            {
                "statName": "BulletSpeed",
                "flatStat": -2,
                "percentageStat": -0.5
            }
        ]
    },
    {
        "Name": "The Last Light",
        "Rarity": "Legendary",
        "Origin": "JabbasJSON",
        "Stats": [
            {
                "statName": "BulletDamage",
                "flatStat": -1,
                "percentageStat": -1
            },
            {
                "statName": "EntitySpeed",
                "flatStat": -1,
                "percentageStat": -0.5
            },
            {
                "statName": "EntityRoSpeed",
                "flatStat": -1,
                "percentageStat": -0.5
            },
            {
                "statName": "EntityFireSpeed",
                "flatStat": 3,
                "percentageStat": 0.8
            }
        ],
        "Effects": [
            {
                "$type": "Fire, Assembly-CSharp",
                "TimeMod": 1,
                "TimePMod": 0,
                "DamageMod": 1,
                "DamagePMod": 0,
                "ChancePMod": 1
            }
        ]
    },
    {
        "Name": "Two-Step Charlie",
        "Rarity": "Rare",
        "Origin": "JabbasJSON",
        "Stats": [
            {
                "statName": "BulletCrit",
                "flatStat": 0,
                "percentageStat": 0.15
            },
            {
                "statName": "EntityFireSpeed",
                "flatStat": 1,
                "percentageStat": 0.15
            }
        ],
        "Effects": [
            {
                "$type": "Poison, Assembly-CSharp",
                "TimeMod": 2,
                "TimePMod": 0,
                "DamageMod": 2,
                "DamagePMod": 0,
                "ChancePMod": 0.05
            }
        ]
    },
    {
        "Name": "Targe",
        "Rarity": "Uncommon",
        "Origin": "JabbasJSON",
        "Stats": [
            {
                "statName": "EntityArmor",
                "flatStat": 1,
                "percentageStat": 0.1
            }
        ],
        "Effects": [
            {
                "$type": "Weak, Assembly-CSharp",
                "TimeMod": 2,
                "TimePMod": 0,
                "DebuffMod": 1,
                "DebuffPMod": 0,
                "ChancePMod": 0.05
            }
        ]
    },
    {
        "Name": "Duck-Foot",
        "Rarity": "Mythic",
        "Origin": "JabbasJSON",
        "Stats": [
            {
                "statName": "Cannons",
                "flatStat": 4,
                "percentageStat": 0
            }
        ]
    },
    {
        "Name": "Ace's High",
        "Rarity": "Mythic",
        "Origin": "JabbasJSON",
        "Stats": [
            {
                "statName": "BulletCrit",
                "flatStat": 0,
                "percentageStat": 0.99
            }
        ]
    },
    {
        "Name": "Old Terrors",
        "Rarity": "Mythic",
        "Origin": "JabbasJSON",
        "Effects": [
            {
                "$type": "Weak, Assembly-CSharp",
                "TimeMod": 4,
                "TimePMod": 0,
                "DebuffMod": 1,
                "DebuffPMod": 0.25,
                "ChancePMod": 0.2
            },
            {
                "$type": "Poison, Assembly-CSharp",
                "TimeMod": 4,
                "TimePMod": 0,
                "DamageMod": 1,
                "DamagePMod": 0.25,
                "ChancePMod": 0.2
            },
            {
                "$type": "Fire, Assembly-CSharp",
                "TimeMod": 4,
                "TimePMod": 0,
                "DamageMod": 1,
                "DamagePMod": 0.25,
                "ChancePMod": 0.2
            },
            {
                "$type": "Vamp, Assembly-CSharp",
                "HealMod": 1,
                "HealPMod": 0,
                "ChancePMod": 0.2
            },
            {
                "$type": "Slow, Assembly-CSharp",
                "TimeMod": 4,
                "TimePMod": 0,
                "SlowMod": 2,
                "SlowPMod": 0.25,
                "ChancePMod": 0.2
            },
            {
                "$type": "Ice, Assembly-CSharp",
                "TimeMod": 4,
                "TimePMod": 0,
                "ChancePMod": 0.2
            }
        ]
    },
    {
        "Name": "Bloodletter",
        "Rarity": "Uncommon",
        "Origin": "JabbasJSON",
        "Stats": [
            {
                "statName": "BulletDamage",
                "flatStat": 1,
                "percentageStat": 0.05
            }
        ],
        "Effects": [
            {
                "$type": "Vamp, Assembly-CSharp",
                "HealMod": -1,
                "HealPMod": 0,
                "ChancePMod": 0.3
            }
        ]
    },
    {
        "Name": "Heater Shield",
        "Rarity": "Uncommon",
        "Origin": "JabbasJSON",
        "Stats": [
            {
                "statName": "EntityArmor",
                "flatStat": 1,
                "percentageStat": 0.1
            }
        ],
        "Effects": [
            {
                "$type": "Fire, Assembly-CSharp",
                "TimeMod": 1,
                "TimePMod": 0.15,
                "DamageMod": 0,
                "DamagePMod": 0,
                "ChancePMod": 0.1
            }
        ]
    },
    {
        "Name": "Immune System",
        "Rarity": "Uncommon",
        "Origin": "JabbasJSON",
        "Stats": [
            {
                "statName": "EntityArmor",
                "flatStat": 1,
                "percentageStat": 0.1
            }
        ],
        "Effects": [
            {
                "$type": "Poison, Assembly-CSharp",
                "TimeMod": 1,
                "TimePMod": 0.15,
                "DamageMod": 0,
                "DamagePMod": 0,
                "ChancePMod": 0.1
            }
        ]
    },
    {
        "Name": "Block of Ice",
        "Rarity": "Uncommon",
        "Origin": "JabbasJSON",
        "Stats": [
            {
                "statName": "EntityArmor",
                "flatStat": 1,
                "percentageStat": 0.1
            }
        ],
        "Effects": [
            {
                "$type": "Ice, Assembly-CSharp",
                "TimeMod": 1,
                "TimePMod": 0.15,
                "ChancePMod": 0
            }
        ]
    },
    {
        "Name": "Ball & Chain",
        "Rarity": "Uncommon",
        "Origin": "JabbasJSON",
        "Effects": [
            {
                "$type": "Slow, Assembly-CSharp",
                "TimeMod": 8,
                "TimePMod": 0,
                "SlowMod": 2,
                "SlowPMod": 0,
                "ChancePMod": 0.05
            }
        ]
    },
    {
        "Name": "Incumbent Blood",
        "Rarity": "Rare",
        "Origin": "JabbasJSON",
        "Stats": [
            {
                "statName": "MaxHealth",
                "flatStat": 2,
                "percentageStat": 0.2
            }
        ],
        "Effects": [
            {
                "$type": "Vamp, Assembly-CSharp",
                "HealMod": 1,
                "HealPMod": 0.2,
                "ChancePMod": 0
            }
        ]
    },
    {
        "Name": "Harder Times",
        "Rarity": "Common",
        "Origin": "JabbasJSON",
        "Stats": [
            {
                "statName": "EntityArmor",
                "flatStat": 0,
                "percentageStat": 0.15
            }
        ]
    },
    {
        "Name": "Severed Finger",
        "Rarity": "Uncommon",
        "Origin": "JabbasJSON",
        "Stats": [
            {
                "statName": "EntitySpeed",
                "flatStat": 1,
                "percentageStat": 0.05
            },
            {
                "statName": "EntityFireSpeed",
                "flatStat": -1,
                "percentageStat": -0.1
            }
        ]
    },
    {
        "Name": "Spotted Pear",
        "Rarity": "Uncommon",
        "Origin": "JabbasJSON",
        "Stats": [
            {
                "statName": "MaxHealth",
                "flatStat": 2,
                "percentageStat": 0
            },
            {
                "statName": "EntitySpeed",
                "flatStat": 1,
                "percentageStat": 0.05
            }
        ]
    },
    {
        "Name": "Cola",
        "Rarity": "Uncommon",
        "Origin": "JabbasJSON",
        "Stats": [
            {
                "statName": "MaxHealth",
                "flatStat": -2,
                "percentageStat": 0
            },
            {
                "statName": "EntitySpeed",
                "flatStat": 1,
                "percentageStat": 0.15
            },
            {
                "statName": "EntityRoSpeed",
                "flatStat": 1,
                "percentageStat": 0.15
            }
        ]
    },
    {
        "Name": "Lucky Frog",
        "Rarity": "Rare",
        "Origin": "JabbasJSON",
        "Stats": [
            {
                "statName": "BulletCrit",
                "flatStat": 0,
                "percentageStat": 0.1
            }
        ],
        "Effects": [
            {
                "$type": "Poison, Assembly-CSharp",
                "TimeMod": 6,
                "TimePMod": 0,
                "DamageMod": 1,
                "DamagePMod": 0,
                "ChancePMod": 0.15
            }
        ]
    },
    {
        "Name": "Frog King",
        "Rarity": "Mythic",
        "Origin": "JabbasJSON",
        "Stats": [
            {
                "statName": "MaxHealth",
                "flatStat": 4,
                "percentageStat": 0.5
            },
            {
                "statName": "EntityArmor",
                "flatStat": 4,
                "percentageStat": 0.5
            }
        ],
        "Effects": [
            {
                "$type": "Poison, Assembly-CSharp",
                "TimeMod": 10,
                "TimePMod": 0,
                "DamageMod": 3,
                "DamagePMod": 0,
                "ChancePMod": 0.15
            }
        ]
    },
    {
        "Name": "Devil Frog",
        "Rarity": "Mythic",
        "Origin": "JabbasJSON",
        "Stats": [
            {
                "statName": "BulletDamage",
                "flatStat": 4,
                "percentageStat": 0.5
            },
            {
                "statName": "BulletCrit",
                "flatStat": 0,
                "percentageStat": 0.3
            },
            {
                "statName": "EntityFireSpeed",
                "flatStat": 2,
                "percentageStat": 0.35
            },
            {
                "statName": "BulletType",
                "flatStat": 1,
                "percentageStat": 0
            }
        ],
        "Effects": [
            {
                "$type": "Fire, Assembly-CSharp",
                "TimeMod": 10,
                "TimePMod": 0,
                "DamageMod": 3,
                "DamagePMod": 0,
                "ChancePMod": 0.15
            }
        ]
    },
    {
        "Name": "Tail of Newt",
        "Rarity": "Rare",
        "Origin": "JabbasJSON",
        "Stats": [
            {
                "statName": "EntitySpeed",
                "flatStat": 1,
                "percentageStat": 0.1
            },
            {
                "statName": "EntityRoSpeed",
                "flatStat": 2,
                "percentageStat": 0.1
            }
        ]
    },
    {
        "Name": "Eye of Newt",
        "Rarity": "Rare",
        "Origin": "JabbasJSON",
        "Stats": [
            {
                "statName": "EntityFireSpeed",
                "flatStat": 1,
                "percentageStat": 0.1
            },
            {
                "statName": "BulletSpeed",
                "flatStat": 2,
                "percentageStat": 0.1
            }
        ]
    },
    {
        "Name": "Blood of Newt",
        "Rarity": "Rare",
        "Origin": "JabbasJSON",
        "Stats": [
            {
                "statName": "MaxHealth",
                "flatStat": 2,
                "percentageStat": 0
            },
            {
                "statName": "BulletCrit",
                "flatStat": 0,
                "percentageStat": 0.1
            }
        ]
    },
    {
        "Name": "Bowl of Chili",
        "Rarity": "Rare",
        "Origin": "JabbasJSON",
        "Stats": [
            {
                "statName": "MaxHealth",
                "flatStat": 2,
                "percentageStat": 0
            }
        ],
        "Effects": [
            {
                "$type": "Fire, Assembly-CSharp",
                "TimeMod": 4,
                "TimePMod": 0.1,
                "DamageMod": 1,
                "DamagePMod": 0,
                "ChancePMod": 0.1
            }
        ]
    },
    {
        "Name": "Mint Ice-Cream",
        "Rarity": "Rare",
        "Origin": "JabbasJSON",
        "Stats": [
            {
                "statName": "MaxHealth",
                "flatStat": 2,
                "percentageStat": 0
            }
        ],
        "Effects": [
            {
                "$type": "Ice, Assembly-CSharp",
                "TimeMod": 4,
                "TimePMod": 0.1,
                "ChancePMod": 0.1
            }
        ]
    },
    {
        "Name": "Tome of Flames",
        "Rarity": "Uncommon",
        "Origin": "JabbasJSON",
        "Stats": [
            {
                "statName": "BulletCrit",
                "flatStat": 0,
                "percentageStat": 0.05
            }
        ],
        "Effects": [
            {
                "$type": "Fire, Assembly-CSharp",
                "TimeMod": 4,
                "TimePMod": 0,
                "DamageMod": 2,
                "DamagePMod": 0,
                "ChancePMod": 0.05
            }
        ]
    },
    {
        "Name": "Tome of Death",
        "Rarity": "Uncommon",
        "Origin": "JabbasJSON",
        "Stats": [
            {
                "statName": "BulletCrit",
                "flatStat": 0,
                "percentageStat": -1
            },
            {
                "statName": "BulletDamage",
                "flatStat": 4,
                "percentageStat": 0.2
            },
            {
                "statName": "EntityFireSpeed",
                "flatStat": -2,
                "percentageStat": 0
            }
        ]
    },
    {
        "Name": "Tome of Nature",
        "Rarity": "Uncommon",
        "Origin": "JabbasJSON",
        "Stats": [
            {
                "statName": "EntitySpeed",
                "flatStat": 2,
                "percentageStat": 0.2
            },
            {
                "statName": "BulletDamage",
                "flatStat": -2,
                "percentageStat": 0
            }
        ],
        "Effects": [
            {
                "$type": "Vamp, Assembly-CSharp",
                "HealMod": 2,
                "HealPMod": 0,
                "ChancePMod": 0.05
            }
        ]
    },
    {
        "Name": "Black Grimoire",
        "Rarity": "Uncommon",
        "Origin": "JabbasJSON",
        "Stats": [
            {
                "statName": "BulletSpeed",
                "flatStat": 2,
                "percentageStat": 0.2
            },
            {
                "statName": "EntityRoSpeed",
                "flatStat": -2,
                "percentageStat": 0
            }
        ],
        "Effects": [
            {
                "$type": "Slow, Assembly-CSharp",
                "TimeMod": 8,
                "TimePMod": 0,
                "SlowMod": 1,
                "SlowPMod": 0.15,
                "ChancePMod": 0.05
            }
        ]
    },
    {
        "Name": "Tome of the Moon",
        "Rarity": "Uncommon",
        "Origin": "JabbasJSON",
        "Stats": [
            {
                "statName": "BulletType",
                "flatStat": 1,
                "percentageStat": 0
            },
            {
                "statName": "BulletDamage",
                "flatStat": -2,
                "percentageStat": 0
            },
            {
                "statName": "BulletSpeed",
                "flatStat": -1,
                "percentageStat": -0.05
            }
        ],
        "Effects": [
            {
                "$type": "Ice, Assembly-CSharp",
                "TimeMod": 4,
                "TimePMod": 0,
                "ChancePMod": 0.05
            }
        ]
    }
]